{
  "meta": {
    "type": "meta",
    "id": "meta",
    "fileId": "test-file-1",
    "name": "测试文件1",
    "version": 0,
    "pageIds": ["page_1"]
  },
  "client": {
    "id": "client",
    "type": "client",
    "selectIds": [],
    "selectPageId": "page_1"
  },
  "page_1": {
    "type": "page",
    "id": "page_1",
    "name": "测试页面1",
    "zoom": 1,
    "x": 100,
    "y": 100,
    "childIds": ["frame:1"]
  },
  "frame:1": {
    "type": "frame",
    "radius": 20,
    "childIds": ["text2", "triangle1", "line1", "rect3"],
    "id": "frame:1",
    "name": "测试画板1",
    "lock": false,
    "visible": true,
    "parentId": "page_1",
    "x": 0,
    "y": 0,
    "width": 400,
    "height": 400,
    "opacity": 1,
    "rotation": 0,
    "hFlip": false,
    "vFlip": false,
    "fills": [
      {
        "type": "color",
        "visible": true,
        "color": "rgb(255,255,255)",
        "alpha": 1
      }
    ],
    "strokes": [],
    "blurs": [],
    "shadows": []
  },
  "text2": {
    "type": "text",
    "content": "文本1",
    "id": "text2",
    "name": "测试文本1",
    "lock": false,
    "visible": true,
    "parentId": "frame:1",
    "x": 20,
    "y": 100,
    "width": 100,
    "height": 100,
    "opacity": 1,
    "rotation": 0,
    "hFlip": false,
    "vFlip": false,
    "fills": [
      {
        "type": "color",
        "visible": true,
        "color": "rgb(0,0,0)",
        "alpha": 1
      }
    ],
    "strokes": [],
    "blurs": [],
    "shadows": [],
    "style": {
      "fontSize": 16,
      "fontWeight": 500,
      "align": "center",
      "fontFamily": "Arial",
      "fontStyle": "normal",
      "letterSpacing": 0,
      "lineHeight": 16
    }
  },
  "rect3": {
    "type": "rect",
    "points": [],
    "radius": 0,
    "id": "rect3",
    "name": "测试矩形3",
    "lock": false,
    "visible": true,
    "parentId": "frame:1",
    "x": 100,
    "y": 0,
    "width": 200,
    "height": 200,
    "opacity": 1,
    "rotation": 0,
    "hFlip": false,
    "vFlip": false,
    "fills": [
      {
        "type": "linearGradient",
        "start": {
          "x": 0,
          "y": 0
        },
        "end": {
          "x": 1,
          "y": 1
        },
        "stops": [
          {
            "offset": 0,
            "color": "rgb(0,200,255)"
          },
          {
            "offset": 1,
            "color": "rgb(255,117,193)"
          }
        ],
        "alpha": 1,
        "visible": true
      }
    ],
    "strokes": [],
    "blurs": [],
    "shadows": []
  },
  "triangle1": {
    "type": "polygon",
    "points": [],
    "sides": 3,
    "radius": 0,
    "id": "triangle1",
    "name": "多边形 805HR8",
    "lock": false,
    "visible": true,
    "parentId": "frame:1",
    "x": 200,
    "y": 200,
    "width": 100,
    "height": 100,
    "opacity": 1,
    "rotation": 0,
    "hFlip": false,
    "vFlip": false,
    "fills": [
      {
        "type": "color",
        "visible": true,
        "color": "rgb(255,117,193)",
        "alpha": 1
      }
    ],
    "strokes": [],
    "blurs": [],
    "shadows": []
  },
  "line1": {
    "type": "line",
    "points": [],
    "id": "line1",
    "name": "线段 75VYB3",
    "lock": false,
    "visible": true,
    "parentId": "frame:1",
    "x": 100,
    "y": 350,
    "width": 100,
    "height": 0,
    "opacity": 1,
    "rotation": 0,
    "hFlip": false,
    "vFlip": false,
    "fills": [],
    "strokes": [
      {
        "visible": true,
        "fill": {
          "type": "color",
          "visible": true,
          "color": "rgb(0,0,0)",
          "alpha": 1
        },
        "align": "center",
        "width": 1,
        "cap": "round",
        "join": "round"
      }
    ],
    "blurs": [],
    "shadows": []
  }
}
